,benchmark,conf_effective_cache_size,conf_effective_io_concurrency,conf_maintenance_work_mem,conf_max_parallel_workers,conf_random_page_cost,conf_seq_page_cost,conf_temp_buffers,conf_work_mem,queryTime_1,queryTime_10,queryTime_11,queryTime_12,queryTime_13,queryTime_14,queryTime_15,queryTime_16,queryTime_17_rewritten,queryTime_19,queryTime_2,queryTime_20_rewritten,queryTime_22,queryTime_3,queryTime_4,queryTime_5,queryTime_6,queryTime_7,queryTime_8,queryTime_9,queryTime_Total,scale_factor,timestamp
0,tpch,4GB,1.0,64MB,8.0,4.0,1.0,8MB,4MB,61.134202480316155,18.242239236831665,4.0689241886138925,16.90256118774414,16.773024320602413,14.687095403671265,27.639605283737183,9.762362718582152,29.386325597763058,10.091761827468874,7.5970404148101816,16.40096092224121,4.6734459400177,23.27753496170044,22.474790811538696,21.207863569259644,7.406761169433594,16.605604887008667,13.096924543380736,36.524457216262824,377.9534866809845,10.0,1560091140
1,tpch,4GB,1.0,64MB,8.0,4.0,1.0,8MB,4MB,60.65444326400757,20.13178896903992,4.423682451248169,15.919610738754272,14.882070779800415,14.21877384185791,25.660295963287354,11.046830177307127,29.248234510421753,10.972187519073486,7.7440714836120605,13.580183744430542,6.6558990478515625,25.51074194908142,28.782602548599247,18.836668491363522,7.615766525268555,16.500718593597412,12.594787120819092,34.45561146736145,379.43496918678284,10.0,1560091606
2,tpch,8GB,194.0,2200MB,5.0,4.0,2.0,785MB,3191MB,60.368815660476685,13.930648803710938,3.7774252891540527,10.42663598060608,18.45907020568848,10.719547271728516,22.549011945724487,9.169975042343141,16.518627643585205,10.662737131118773,5.07621955871582,9.518557071685793,4.954670667648315,13.293116807937622,23.686659097671512,10.60114049911499,7.455723762512207,9.786246299743652,16.742428302764893,21.798549890518192,299.4958069324493,10.0,1560091999
3,tpch,3GB,157.0,7178MB,8.0,2.0,10.0,656MB,1030MB,58.7557897567749,13.266067504882812,4.5297160148620605,9.426367998123167,21.921236276626587,10.622408866882324,19.86806273460388,10.055328845977783,15.462416172027588,10.42664098739624,7.124181985855103,7.889362812042236,4.137998104095459,9.787304401397703,164.2176043987274,9.848285675048828,7.389554500579834,11.548746347427368,11.504618406295776,21.26613020896912,429.0478219985962,10.0,1560092497
4,tpch,8GB,77.0,18MB,4.0,10.0,15.0,191MB,3354MB,58.076982259750366,10.723201036453249,3.7671194076538086,9.831116199493408,21.798099756240845,12.18964171409607,16.68181014060974,9.142070055007936,15.9896502494812,9.81462860107422,6.679183006286621,8.333947658538817,4.075792074203491,9.713964939117432,17.401103734970093,10.063541412353516,7.297338724136352,10.484908819198607,11.947933912277222,22.01274824142456,276.02478194236755,10.0,1560092844
5,tpch,8GB,241.0,7833MB,8.0,12.0,12.0,492MB,3690MB,59.306167364120476,11.111584901809692,3.193782091140747,10.120308876037598,18.73153281211853,12.843015432357788,16.810729265213013,9.041409254074095,16.35757064819336,9.911311388015749,4.9049694538116455,8.732175827026367,4.708153009414673,10.17494463920593,19.901710271835327,10.325438976287842,6.9536094665527335,10.331430673599245,16.24802327156067,22.480844736099247,282.18871235847473,10.0,1560093195
6,tpch,7GB,161.0,600MB,6.0,14.0,11.0,286MB,3877MB,59.4717493057251,11.918447017669678,3.5261051654815674,9.949312925338743,22.293431758880615,10.631898164749147,16.427653551101685,7.539124965667725,15.389095544815063,9.795929670333864,5.066981554031372,8.194383382797241,3.940781593322754,13.88889455795288,17.487772226333618,10.317800521850586,7.167830228805543,10.063709020614622,9.194364547729492,22.84655594825745,275.11182165145874,10.0,1560093542
7,tpch,2GB,203.0,5687MB,4.0,8.0,2.0,460MB,3950MB,58.96416687965393,13.647874355316162,3.4564225673675537,12.888465166091919,18.937356472015377,10.459785223007204,15.384299278259276,8.046166181564331,15.807580709457396,10.062700510025023,5.0687687397003165,7.822513103485107,4.149230718612672,16.222182035446167,14.757853507995605,12.95346450805664,7.38929557800293,10.751177310943604,9.993314266204834,21.75036644935608,278.51298356056213,10.0,1560093890
8,tpch,8GB,204.0,6261MB,1.0,2.0,6.0,531MB,3504MB,65.88081383705139,14.467564105987547,4.013805866241455,10.022770881652832,19.9024350643158,13.433319330215454,24.249614715576172,11.655240774154663,15.888753890991213,10.494851350784304,6.733215093612671,8.078450441360474,6.841184616088867,11.136317253112793,158.55940294265747,11.266992807388306,8.099652051925661,12.074281930923462,12.314834833145142,22.06761074066162,447.1811125278473,10.0,1560094409
9,tpch,3GB,59.0,2299MB,7.0,10.0,14.0,466MB,2825MB,60.86570811271668,12.992178678512573,5.173217058181763,10.255534648895264,21.96509289741516,11.069053411483765,20.791667699813843,10.559580087661745,16.496143579483032,10.640700101852415,7.087080717086793,8.551536560058594,4.04000186920166,16.4949471950531,21.591331481933594,10.64729118347168,7.771017551422119,10.595160484313963,9.376049995422363,23.645537853240967,300.60883116722107,10.0,1560094773
10,tpch,4GB,241.0,4810MB,1.0,11.0,5.0,995MB,3266MB,62.64391756057739,15.692046403884888,4.024037837982179,13.11293625831604,18.71979379653931,11.194172382354736,21.74921703338623,7.628549575805664,15.716277837753296,10.65484094619751,4.850394010543823,8.715602874755861,7.112000465393066,16.635608673095707,21.59148669242859,13.2703595161438,7.9088900089263925,11.34029769897461,9.449308395385742,24.022294998168945,306.0320329666137,10.0,1560095153
11,tpch,4GB,33.0,7572MB,3.0,10.0,10.0,994MB,1283MB,59.28018975257874,15.67288613319397,4.009228706359863,10.587608098983763,21.406023263931274,10.927688121795654,16.763666152954098,7.850511312484741,15.823564767837524,10.16944980621338,5.085136413574219,8.130867958068848,4.526546716690064,15.582077026367188,21.83043122291565,13.086645364761353,7.230621099472046,11.501579761505127,9.703278064727783,22.53292465209961,291.7009243965149,10.0,1560095513
12,tpch,3GB,177.0,6248MB,4.0,7.0,13.0,119MB,3363MB,58.7990140914917,12.127333402633667,5.046896696090698,10.407305955886839,22.14393377304077,10.545344352722168,17.059305667877194,8.878630399703981,15.526638746261597,10.255558013916016,7.130061388015747,8.724623203277588,4.453260660171509,10.177007675170898,15.35146975517273,11.0578293800354,7.23299765586853,9.601352930068972,8.816034317016602,22.554532766342163,275.8891308307648,10.0,1560095863
13,tpch,2GB,180.0,2367MB,1.0,12.0,10.0,594MB,60MB,62.38394951820374,11.00758957862854,3.3929378986358643,9.990173101425173,16.432919025421146,11.096676588058472,24.16408133506775,8.222992420196531,14.852738380432127,10.614422559738161,5.876198053359985,8.603053569793701,8.014388799667357,11.399491548538208,35.10541701316833,11.976634502410887,8.216297388076782,11.321600437164307,9.994241476058962,25.405319929122925,308.07112312316895,10.0,1560096240
14,tpch,8GB,96.0,5072MB,2.0,12.0,1.0,346MB,2823MB,57.868526220321655,12.42420220375061,3.6269817352294917,12.05593752861023,18.90808391571045,10.58616018295288,21.305540084838867,7.176237344741821,15.744253158569336,10.139381170272829,5.044665336608887,8.116583108901978,6.8523850440979,13.225409269332886,15.13917112350464,10.484024286270143,7.0501229763031015,10.147114753723145,9.696499586105348,20.461617708206177,276.0528967380524,10.0,1560096585
15,tpch,4GB,11.0,7487MB,3.0,9.0,6.0,238MB,2606MB,58.63900065422058,11.669439792633055,3.354552745819092,10.26096773147583,18.782899618148804,10.719290018081663,16.358102083206177,7.117854356765747,15.751264095306395,9.806249380111693,5.102696895599365,7.721937894821168,4.5652756690979,15.42859673500061,15.145628929138185,10.266506910324095,7.606060266494751,10.098179817199707,9.335408449172975,20.344767808914185,268.074679851532,10.0,1560096922
16,tpch,8GB,45.0,7855MB,3.0,13.0,1.0,309MB,2791MB,57.65505743026733,14.370989322662355,3.2508273124694824,12.174063444137573,18.17823958396912,10.636191844940186,16.419910192489624,7.818938970565796,15.470741987228394,9.496094942092897,5.145191192626953,8.621978521347046,4.318666458129884,15.765836715698242,13.895665407180786,10.592019319534304,7.105953931808473,10.004246711730957,9.477827310562132,20.467326164245605,270.8657667636872,10.0,1560097267
17,tpch,5GB,10.0,5325MB,6.0,16.0,11.0,297MB,3436MB,56.37673354148865,12.007824897766113,4.151667833328247,10.214333772659304,21.60657477378845,11.032613039016724,15.693519353866575,7.343580484390259,15.329332113265991,9.9109206199646,5.032398223876953,8.316780805587769,4.1317298412323,10.174671411514284,16.340210676193234,10.330038785934446,7.034034490585327,10.28384494781494,9.366636037826536,22.86662650108337,267.5440721511841,10.0,1560097603
18,tpch,6GB,159.0,830MB,5.0,3.0,11.0,905MB,636MB,58.36833548545837,11.049982786178589,4.451536178588867,8.917689800262451,18.452528953552246,10.642552137374876,16.258724689483646,9.201488018035887,15.57339572906494,10.068970441818236,7.1902947425842285,7.303275346755981,3.945764780044556,10.2432541847229,146.17883563041687,10.507100343704225,7.460439920425415,10.312793493270872,11.878321170806885,21.17382788658142,399.17911171913147,10.0,1560098077
19,tpch,4GB,122.0,839MB,8.0,12.0,7.0,172MB,691MB,58.66236591339111,12.12061643600464,3.2808926105499268,12.274219274520874,18.799007177352905,10.152782201766966,16.0508930683136,7.379157781600952,15.655596017837524,9.75722360610962,5.25964879989624,7.611985921859741,4.058182239532472,14.7699134349823,13.99375581741333,10.186557531356813,7.507971525192262,10.106648445129396,9.229305505752565,20.33676671981811,267.1934900283813,10.0,1560098413
20,tpch,4GB,116.0,7511MB,7.0,6.0,7.0,112MB,1410MB,59.16015648841858,10.298104524612429,3.331728219985962,9.305797815322878,18.768991708755493,10.225576877593994,15.351205348968506,6.797008275985718,15.108771324157715,10.189779996871946,5.100296258926392,7.635587692260742,3.846012115478516,11.409815549850464,14.48070478439331,9.86188268661499,7.714750528335571,10.626267671585085,8.692789554595947,20.677655696868893,258.5828831195832,10.0,1560098745
21,tpch,4GB,86.0,4452MB,1.0,3.0,5.0,844MB,257MB,63.28896427154541,16.890161514282227,5.8013670444488525,10.162972450256348,22.073477506637573,11.07430934906006,23.39307427406311,8.886014699935911,14.948933362960815,10.43789291381836,8.41359543800354,8.202959060668945,7.11552357673645,11.200307607650757,20.663012027740482,11.628657102584839,7.860081195831299,11.766263723373413,9.767935752868652,23.86070919036865,307.4362120628357,10.0,1560099116
22,tpch,4GB,242.0,3345MB,3.0,2.0,6.0,344MB,3233MB,57.539279222488396,14.328840255737305,3.051828622817993,10.081002235412598,17.96580195426941,11.191370487213137,16.86397624015808,9.867698192596436,15.168261289596558,10.074040412902832,6.954871416091919,7.321171283721924,4.392591476440431,9.9092218875885,19.647745370864868,13.0712628364563,7.1281418800354,10.238099813461305,11.416597604751587,18.983371257781986,275.19517374038696,10.0,1560099465
23,tpch,8GB,57.0,175MB,5.0,8.0,6.0,117MB,1420MB,57.74951195716858,13.197365045547485,3.729474306106568,9.651547670364382,18.842819690704342,10.543838024139404,15.269694089889526,7.862484693527223,14.386873245239258,10.547735214233398,4.9587719440460205,7.991612672805786,3.694420576095581,15.89069128036499,20.812411308288574,12.728784322738647,6.890650749206543,10.561984062194824,15.368125438690186,21.874327898025516,282.55312418937683,10.0,1560099817
24,tpch,5GB,27.0,7332MB,4.0,11.0,16.0,561MB,1465MB,59.756858110427856,14.373836755752563,5.536701679229736,9.720855474472048,21.9941999912262,11.04985284805298,17.147799253463745,9.525099515914915,15.27004098892212,9.868086576461794,7.69153618812561,8.112175226211548,3.961516857147217,9.722134590148926,15.426947355270386,11.012075185775757,7.446178197860718,10.556777715682985,8.915061473846436,22.549646854400635,279.63738083839417,10.0,1560100171
25,tpch,6GB,115.0,6096MB,7.0,6.0,6.0,52MB,1076MB,58.37895965576172,10.683024406433104,4.35197377204895,10.7297785282135,21.890177488327023,10.734374523162842,14.67596173286438,9.116613626480104,15.628388166427612,9.789002656936647,5.083729267120361,7.611399173736572,3.94245171546936,15.154688358306885,20.552334547042847,10.751440286636353,7.182651996612549,10.346732139587402,9.365351676940918,20.76923084259033,276.7382645606994,10.0,1560100517
26,tpch,7GB,177.0,3392MB,8.0,12.0,8.0,833MB,3422MB,57.156219244003296,11.036462306976318,3.9374082088470463,10.158178806304932,21.619557619094852,10.448649883270264,14.5033597946167,8.962751388549805,14.550856590270994,10.465030670166016,5.160621643066406,7.826010227203369,3.8350038528442383,15.693708419799805,19.22289490699768,10.222311258316038,7.566248893737793,10.16861629486084,8.938922643661497,20.562748432159427,272.0355610847473,10.0,1560100882
27,tpch,6GB,7.0,6984MB,6.0,15.0,10.0,285MB,2785MB,58.721633672714226,10.627083778381348,2.938139677047729,9.84375286102295,21.7538845539093,10.230680465698242,15.507948398590088,9.353447198867796,15.998220682144165,10.32170796394348,4.9519593715667725,8.905301094055176,3.74506950378418,12.91722559928894,17.371095180511475,10.135551214218141,7.007149457931519,9.650985956192015,8.897904157638552,22.06466245651245,270.9434032440185,10.0,1560101222
28,tpch,6GB,23.0,7613MB,8.0,11.0,14.0,538MB,1094MB,59.208651304245,10.759283065795898,3.1835172176361084,10.28340196609497,21.851558446884155,10.362305641174316,16.090832471847534,9.777445077896116,14.258798837661743,10.49901819229126,5.114446640014648,7.755077123641968,3.8480749130249023,12.696752071380615,17.292490005493164,10.646082162857057,7.637951374053955,10.06041431427002,11.478293895721436,22.892994165420532,275.6973888874054,10.0,1560101571
29,tpch,3GB,135.0,136MB,6.0,15.0,1.0,216MB,1774MB,57.536368608474724,15.309175968170164,3.228764533996582,12.769934892654419,17.539461135864258,10.386480331420898,15.689026355743408,7.038422107696532,15.213779211044312,10.186818361282347,5.105537414550781,8.593205451965332,3.842461347579956,15.033968448638914,14.145695686340332,10.126102447509766,7.2027642726898184,10.508213520050047,9.7685866355896,20.01601195335388,269.2407786846161,10.0,1560101909
30,tpch,4GB,61.0,7492MB,4.0,16.0,9.0,216MB,1951MB,59.33956551551819,13.928141593933105,3.2060720920562744,12.481062412261965,17.584168672561646,10.487608909606934,15.743576049804688,6.956818103790282,15.84790301322937,9.912559509277344,4.984888792037964,7.892424583435059,3.965619564056397,15.559265851974487,13.50134563446045,10.579124689102171,7.419597625732423,10.514724493026732,9.13337755203247,22.61946129798889,271.65730595588684,10.0,1560102255
31,tpch,4GB,90.0,4161MB,4.0,9.0,16.0,456MB,2387MB,59.06138062477112,16.259129762649536,3.2946951389312744,10.50951337814331,19.066868782043453,10.906304121017456,16.393048763275143,9.208675146102903,15.293178081512453,9.6145441532135,7.175422430038452,8.305774688720701,3.718987464904785,9.942492961883543,18.166717290878296,11.436980724334715,6.901157140731812,10.505728960037233,17.994814157485962,22.814319610595703,286.56973338127136,10.0,1560102611
32,tpch,5GB,155.0,1156MB,1.0,2.0,6.0,715MB,1112MB,62.91682767868042,13.850319147109985,3.8307230472564697,9.807359218597412,19.206814289093014,11.99299383163452,23.728769540786747,11.90880799293518,15.184077739715574,10.497242689132689,7.159888505935669,8.095799446105957,6.5523831844329825,11.648524284362793,156.72560763359067,11.7434561252594,7.914410352706909,12.007735967636108,11.812934637069702,21.68380570411682,438.2684810161591,10.0,1560103123
33,tpch,4GB,109.0,7619MB,7.0,6.0,6.0,42MB,1642MB,58.9561231136322,10.75326156616211,3.7361536026000977,9.675644159317015,21.4677517414093,10.531816959381104,15.143656492233276,9.237356424331663,15.258026123046875,10.493232011795042,5.107693910598755,8.109205007553099,3.7596452236175537,15.843792915344238,21.5582811832428,10.107070684432985,7.761961460113525,10.22156286239624,9.179131984710693,20.464019775390625,277.3653872013092,10.0,1560103470
34,tpch,4GB,138.0,5271MB,8.0,5.0,7.0,165MB,3395MB,57.96606230735779,15.687642574310305,5.282907247543335,9.766390800476074,21.830783605575558,10.45511245727539,14.773919105529785,10.630405664443972,14.577453374862671,9.76597785949707,6.726896524429321,8.30755877494812,4.106686592102052,16.04434585571289,21.118686199188236,13.377710580825806,7.581952095031737,9.917396306991575,9.06161880493164,21.3752875328064,288.35479426383966,10.0,1560103832
35,tpch,1GB,236.0,1171MB,1.0,5.0,7.0,268MB,3104MB,61.56040763854981,13.009846210479735,4.502033233642578,10.225102424621582,21.96566319465637,10.968289375305176,21.763055562973022,8.558889150619509,15.095539331436155,10.333415269851683,4.954138278961182,8.213897943496704,7.0311129093170175,14.046902656555176,17.6117684841156,11.312004327774048,8.174241304397581,11.256751537322998,8.93700885772705,23.674424171447754,293.19449186325073,10.0,1560104195
36,tpch,2GB,15.0,3172MB,3.0,1.0,6.0,935MB,3553MB,57.549134254455566,12.26744818687439,3.13486123085022,9.338544368743896,17.86765050888061,11.234670400619507,16.77328658103943,9.481112480163574,15.12809133529663,9.622352600097656,6.9250736236572275,7.412443161010742,4.258509397506714,9.687122106552122,149.63916230201718,11.325772047042847,7.227036237716675,11.54180145263672,11.57589602470398,19.050500392913822,401.0404686927795,10.0,1560104670
37,tpch,2GB,89.0,1576MB,8.0,12.0,2.0,903MB,2129MB,57.674953937530525,12.873430728912355,3.943915605545044,12.698323488235474,18.317625284194946,10.622796058654783,15.053482294082642,8.392273664474487,15.846973180770874,10.086543321609495,5.003933668136597,7.814638376235963,3.718743801116944,15.19578504562378,20.608615636825558,11.330919027328491,7.191367149353027,9.883877515792848,9.448955535888672,20.16906332969665,275.8762166500092,10.0,1560105015
38,tpch,4GB,103.0,7813MB,1.0,11.0,1.0,135MB,2330MB,61.32710218429565,15.209997653961182,3.958107948303223,13.143350601196287,18.185360193252567,12.282093048095705,22.110460042953488,8.609476089477539,15.19220232963562,10.371300935745241,10.607181310653688,8.572716236114504,7.021817445755005,15.823457717895508,22.179585218429565,12.779003381729126,7.834565162658691,11.090621709823608,11.216842889785767,23.49407958984375,311.00932168960566,10.0,1560105401
39,tpch,5GB,97.0,6604MB,3.0,9.0,1.0,408MB,2079MB,58.51811957359314,12.691136360168455,3.2078115940093994,12.374216079711914,17.441433906555176,11.060028076171877,16.755003213882446,7.206900835037231,15.271594762802124,9.953182935714723,5.2982141971588135,7.92279314994812,4.1840243339538565,15.82292914390564,14.494024753570555,10.96181058883667,7.362483263015747,9.855004787445068,9.081334114074707,20.546184062957767,270.00822973251337,10.0,1560105740
40,tpch,6GB,220.0,3766MB,1.0,7.0,10.0,867MB,3097MB,62.948220014572144,11.84519648551941,4.517273664474487,10.015206813812256,19.305348873138424,11.141733646392822,22.899943590164185,11.94981288909912,15.577733039855955,10.330632448196413,7.079957962036133,9.150667428970335,6.734962463378906,13.012385129928589,17.928014993667606,11.499070167541506,7.950893878936768,11.140202283859253,14.828032970428467,24.95092010498047,304.80620884895325,10.0,1560106119
41,tpch,7GB,224.0,3145MB,7.0,4.0,13.0,823MB,230MB,57.717798709869385,12.172691345214846,4.080078601837158,9.43977689743042,18.963999271392826,10.376169204711914,20.186052560806274,9.230525732040403,15.735153436660767,9.347750186920166,7.337727785110474,7.622314929962157,4.73237943649292,9.508869886398317,164.00531315803528,9.66061305999756,7.217519044876099,10.989358901977539,9.291084051132204,21.038433551788327,418.65360975265503,10.0,1560106607
42,tpch,8GB,142.0,115MB,6.0,14.0,13.0,561MB,460MB,57.367066621780396,10.650647640228273,3.8683381080627437,9.672125577926638,21.827025413513184,12.344247102737427,16.768284320831302,6.679054498672485,15.362873792648315,10.290196895599363,4.823519229888916,8.0096275806427,3.919642448425293,9.912849664688109,21.60362720489502,9.650765180587767,7.268512725830077,10.21196675300598,11.269537448883055,22.918552160263058,274.4184603691101,10.0,1560106955
43,tpch,5GB,119.0,7069MB,7.0,9.0,5.0,52MB,882MB,60.73159885406494,12.64575743675232,4.03216028213501,10.277634382247923,18.83065676689148,10.471729755401613,15.873279333114624,6.9868323802948,15.620432376861572,10.067279815673828,5.023553848266602,7.8332152366638175,3.7528326511383057,13.495323657989502,15.01747751235962,11.011716365814207,7.25102972984314,10.709298133850098,9.083900213241575,20.37027359008789,269.08598232269287,10.0,1560107294
44,tpch,4GB,241.0,2824MB,7.0,3.0,8.0,221MB,1070MB,56.76902532577515,13.108734369277954,4.035124778747559,9.661818027496338,22.011613130569454,10.309759855270388,20.14218378067017,9.457744121551514,14.172707319259644,9.806016206741331,7.212617635726929,7.417968511581421,3.9156360626220703,9.80788588523865,17.91679072380066,10.619614601135254,7.132873773574829,10.210690736770632,12.52955150604248,18.850415706634518,275.0887720584869,10.0,1560107643
45,tpch,5GB,121.0,7177MB,4.0,5.0,6.0,158MB,1220MB,57.14357566833496,16.67926001548767,3.136790037155152,9.887751340866087,18.760494947433468,10.488045692443848,16.549328327178955,8.080673217773438,14.493018627166748,9.997293472290039,5.034713983535767,9.559978008270264,4.072991371154785,9.6212956905365,17.638070821762085,10.95586395263672,7.0598464012146,9.85809087753296,15.590925693511965,20.992154598236088,275.6001627445221,10.0,1560107988
46,tpch,1GB,13.0,5255MB,4.0,11.0,10.0,506MB,1475MB,58.512578248977654,12.108646631240845,3.988206624984741,10.22686243057251,18.698643922805786,11.330579996109009,15.391614198684692,8.02263069152832,14.543702363967896,10.240061998367311,4.9780378341674805,8.386502027511598,3.71001410484314,15.983843088150024,20.89698600769043,12.840876817703247,7.020312786102295,9.71864366531372,10.589867353439333,23.003283262252808,280.19189405441284,10.0,1560108342
47,tpch,5GB,143.0,390MB,8.0,12.0,12.0,690MB,269MB,57.27060508728027,10.568135976791384,3.283299446105957,10.294139146804811,19.734195470809933,10.597347021102903,15.376122236251831,7.012554407119751,14.374706506729126,9.629460334777832,6.187881946563722,9.095179319381712,3.759208202362061,12.90388011932373,35.949610948562615,9.625476360321043,6.997191667556763,10.635782003402712,11.866591691970825,21.97695827484131,287.1383261680603,10.0,1560108699
48,tpch,6GB,175.0,3457MB,5.0,15.0,2.0,91MB,19MB,58.65540885925293,11.53932499885559,2.528548240661621,14.039435625076294,12.717727184295654,10.462693691253662,16.001972913742065,8.151986360549929,14.704941749572756,10.31403923034668,5.266209602355957,8.267067193984985,4.512805938720703,17.515922784805298,21.736676931381226,15.159391403198242,6.831930160522461,10.83960247039795,9.390161752700807,22.69863986968994,281.33448696136475,10.0,1560109054
49,tpch,3GB,80.0,7965MB,6.0,9.0,9.0,960MB,3069MB,59.12846612930298,11.137038946151733,3.7015256881713863,10.089273214340212,18.72038722038269,10.41152048110962,15.215127229690552,7.197065830230713,15.63581657409668,9.970954895019533,5.265315055847168,7.553444385528564,3.56437087059021,9.802546977996826,17.590523719787598,10.065546989440918,7.387419700622559,9.653029918670654,8.688291549682617,22.27174401283264,263.04940938949585,10.0,1560109387
50,tpch,5GB,51.0,7417MB,5.0,14.0,9.0,243MB,1815MB,58.40159893035889,12.89488434791565,3.622538566589356,9.975128173828123,19.04767632484436,10.67020034790039,15.315002679824829,8.805269718170166,14.429746627807615,9.730004549026491,5.100148677825928,7.977611303329468,3.6607935428619385,14.408089637756348,14.87260913848877,10.963433980941772,7.438030242919923,10.941672801971436,9.253955364227297,22.189460039138797,269.6978549957276,10.0,1560109730
51,tpch,4GB,116.0,7511MB,7.0,6.0,7.0,112MB,1410MB,57.62744927406311,11.015751123428345,3.290316104888916,9.941848754882812,21.586779356002808,10.253379821777344,14.637564182281494,9.232938289642334,14.941351175308228,9.417458534240724,4.992643356323242,7.554636478424072,3.835692644119263,15.717427968978882,15.95396637916565,10.319963455200195,7.3811421394348145,9.645131587982178,9.115684509277344,20.51425719261169,266.97538232803345,10.0,1560110067
0,tpch,4GB,1.0,64MB,8.0,4.0,1.0,8MB,4MB,41.10179448127747,6.13490629196167,1.1461825370788574,4.461759328842163,12.650962591171265,4.357644557952882,6.787811756134032,6.30714225769043,7.4821722507476816,6.950033187866211,0.9586458206176758,3.2556405067443848,1.892446994781494,6.683637857437134,63.567408084869385,11.411694765090942,3.3186686038970947,6.364071130752564,13.083457231521606,14.501078605651855,222.41715884208682,5.0,1560218452
1,tpch,4GB,1.0,64MB,8.0,4.0,1.0,8MB,4MB,45.60809111595154,6.053704023361206,1.1357970237731934,4.3100857734680185,12.26727557182312,4.593473434448242,6.670396327972412,3.6589019298553462,7.578850269317628,6.595671653747559,0.8549489974975586,3.2927956581115723,1.901796102523804,7.042866468429565,64.58137679100037,11.529099941253662,3.280153512954712,6.098360061645508,4.663764715194702,15.49485182762146,217.21226119995117,5.0,1560218702
2,tpch,8GB,194.0,2200MB,5.0,4.0,2.0,785MB,3191MB,27.106656312942505,12.765053749084473,1.1832849979400637,4.475443840026856,8.643522024154661,4.46220850944519,6.889879941940308,3.8283889293670654,7.2597405910491934,7.168772220611572,0.8314862251281738,3.6064631938934326,1.7488489151000977,4.75861668586731,64.17835307121278,7.575836420059204,3.3909192085266118,6.348673105239867,3.5950160026550293,15.121886968612671,194.93905091285703,5.0,1560218930
3,tpch,3GB,157.0,7178MB,8.0,2.0,10.0,656MB,1030MB,27.66782641410828,12.794888496398926,1.4380083084106443,4.503424644470215,8.772103309631348,4.928568363189697,6.757708549499513,3.865154266357422,7.19930624961853,6.753323554992676,0.9521241188049316,11.490493535995483,1.8244581222534182,4.5362584590911865,62.057603359222405,7.321568250656128,3.465937852859497,6.161942958831787,3.5902018547058105,9.786797046661377,195.86769771575928,5.0,1560219158
4,tpch,8GB,77.0,18MB,4.0,10.0,15.0,191MB,3354MB,27.97628474235535,12.55886697769165,1.6407604217529297,4.529268503189087,8.773977756500244,4.628034830093384,7.09427285194397,4.178577423095703,7.89136266708374,7.0363829135894775,0.5051059722900391,11.214555263519287,1.7872018814086914,4.996031999588013,61.30769419670105,12.578059911727905,3.564610719680786,6.5032958984375,3.762071371078491,14.54137897491455,207.06779527664185,5.0,1560219399
5,tpch,8GB,241.0,7833MB,8.0,12.0,12.0,492MB,3690MB,27.64787745475769,12.397983074188232,1.4995002746582031,4.575928211212158,9.23712682723999,4.53791356086731,6.772205114364624,3.583252429962158,7.914715051651001,7.122016429901122,0.3578720092773437,11.757154941558838,1.702629327774048,4.618430376052856,61.64036059379578,13.19020962715149,3.5739903450012207,6.2017576694488525,3.741875648498535,14.312512636184692,206.38531160354614,5.0,1560219638
6,tpch,7GB,161.0,600MB,6.0,14.0,11.0,286MB,3877MB,27.71907210350037,12.597744703292847,1.5385096073150637,4.338235378265382,8.722155094146729,4.3445866107940665,7.2283973693847665,3.3148877620697017,7.952951431274414,7.0718626976013175,0.4023246765136719,11.527478456497192,1.75103497505188,4.6248042583465585,61.9554545879364,13.080741167068481,3.418337345123291,6.174600601196289,3.8183684349060063,14.586988687515259,206.16853594779968,5.0,1560219879
7,tpch,2GB,203.0,5687MB,4.0,8.0,2.0,460MB,3950MB,27.892974853515625,5.198689222335815,1.3467535972595217,4.5683794021606445,9.30297565460205,3.7758500576019287,6.770431518554688,3.3730647563934326,7.289092779159546,7.212266683578491,0.37409615516662603,3.376229047775269,1.6560473442077637,4.532838106155396,61.2883665561676,5.649679899215697,3.329716682434082,4.8200199604034415,5.728530168533325,8.939338922500609,176.42534136772156,5.0,1560220088
8,tpch,8GB,204.0,6261MB,1.0,2.0,6.0,531MB,3504MB,29.599033117294308,13.38375997543335,1.6742181777954102,4.7349984645843515,9.30827498435974,4.501567363739014,9.913111448287962,3.6276564598083496,8.100061893463135,7.740978002548218,0.4049546718597412,13.137686729431152,3.210989236831665,5.429324388504028,64.79173135757446,8.81602215766907,3.844084262847901,7.189129590988159,4.05524492263794,16.56181287765503,220.024640083313,5.0,1560220349
9,tpch,3GB,59.0,2299MB,7.0,10.0,14.0,466MB,2825MB,26.717660427093506,12.634704828262329,1.485457181930542,4.489502191543579,9.198784351348877,3.65192437171936,6.786028623580933,3.6579670906066895,7.1951940059661865,6.755166053771973,0.465632438659668,3.3817105293273926,1.7665841579437256,4.603019714355469,64.04929304122925,7.629693269729613,3.3926479816436768,6.080000162124634,3.663113832473755,9.226886510849,186.83097076416016,5.0,1560220574
10,tpch,4GB,241.0,4810MB,1.0,11.0,5.0,995MB,3266MB,29.23121953010559,13.260963916778564,1.317772388458252,4.75370454788208,9.16562557220459,3.9621672630310063,9.569951057434082,3.318861246109009,7.28919243812561,7.708457946777344,0.32315921783447266,3.6682302951812735,3.380906581878662,5.04194974899292,63.76175117492676,6.199862480163574,3.707472801208496,6.990562677383423,3.880925178527832,10.158916473388672,196.69165253639218,5.0,1560220813
11,tpch,1GB,50.0,2884MB,2.0,10.0,2.0,947MB,3671MB,26.480926513671875,5.362633943557738,1.2009608745574951,4.301679611206056,8.535675048828125,3.5745389461517334,10.080801010131836,3.327802896499634,7.0972740650177,6.925777912139893,0.3362281322479248,3.283567190170288,3.0734310150146484,4.467094898223877,60.907233238220215,5.618687868118286,3.213315486907959,4.74305272102356,5.607401847839356,9.232446193695068,177.37052941322327,5.0,1560221029
12,tpch,1GB,21.0,4644MB,5.0,5.0,12.0,568MB,2286MB,26.94898247718811,12.518104791641235,1.4112436771392822,4.40918755531311,8.564533472061157,3.545826196670532,7.066972494125366,3.37809419631958,7.12128496170044,6.831278324127197,0.4959757328033447,3.1939716339111333,1.7346882820129397,4.48301362991333,60.742125272750854,7.686801195144652,3.3849658966064453,6.226315975189209,3.587223529815674,8.88459086418152,182.2151801586151,5.0,1560221254
13,tpch,2GB,180.0,2367MB,1.0,12.0,10.0,594MB,60MB,29.054418325424194,13.27393388748169,1.5795834064483645,4.626081705093384,8.63879919052124,3.960837841033936,10.476030588150023,3.3702757358551025,7.360563516616821,7.549160718917848,0.34250855445861816,3.6567096710205083,3.855680227279663,5.03587532043457,60.720521450042725,6.2668561935424805,3.693897247314453,6.95927619934082,3.887717485427856,10.31090259552002,194.61962985992432,5.0,1560221487
14,tpch,8GB,96.0,5072MB,2.0,12.0,1.0,346MB,2823MB,26.36076807975769,5.353665828704834,1.1374216079711914,4.555943965911865,9.179625988006592,3.8226916790008554,9.811502695083616,3.0777699947357178,7.215968370437622,6.5158958435058585,0.34241151809692383,3.2854785919189453,3.3135223388671875,4.663173198699951,64.03802514076233,5.526959419250488,3.302698850631714,6.334820747375487,3.5867807865142822,13.1878080368042,184.61293268203733,5.0,1560221714
15,tpch,4GB,11.0,7487MB,3.0,9.0,6.0,238MB,2606MB,26.52545762062073,12.740234613418579,1.1575970649719238,4.4470055103302,9.095338582992555,4.129042387008667,7.209283113479613,3.285693645477295,7.159484386444093,6.971489191055298,0.3829712867736816,11.050766468048096,1.9002339839935305,4.607268810272217,60.14666986465454,7.465388298034668,3.2252898216247563,6.1445138454437265,3.512492656707764,8.713199377059938,189.86942052841187,5.0,1560221942
16,tpch,8GB,45.0,7855MB,3.0,13.0,1.0,309MB,2791MB,27.07903242111206,5.233551263809204,1.16772723197937,4.265222072601318,8.628706216812134,3.583353281021118,6.999267101287843,4.4160685539245605,7.14338231086731,6.897891283035277,0.3521006107330322,3.1839292049407963,1.936577320098877,4.434987783432007,60.67509317398071,5.578991889953613,3.284047842025757,6.043162107467651,3.660069704055786,13.373980522155762,177.9371418952942,5.0,1560222163
17,tpch,1GB,104.0,7098MB,3.0,13.0,4.0,257MB,3788MB,26.723875522613525,5.365258693695068,1.1683895587921145,4.461673498153687,8.456568717956543,3.651001691818237,7.1173648834228525,3.094440698623657,7.113885164260863,6.7054500579833975,0.35199451446533203,3.1768336296081543,1.8903627395629885,4.404662370681763,60.7782244682312,5.329118728637695,3.183774709701538,4.94606351852417,5.777737855911255,8.443999290466309,172.14068031311038,5.0,1560222373
18,tpch,6GB,159.0,830MB,5.0,3.0,11.0,905MB,636MB,26.52738976478577,11.989545106887816,1.3246707916259766,4.405943393707275,9.230408191680908,3.995418310165405,6.443164825439452,3.5003561973571777,7.332553386688232,6.766711950302124,0.4345617294311523,11.180269002914429,1.7661170959472656,4.991430282592773,63.548407554626465,7.856117725372314,3.251487493515014,6.183240413665772,3.645762205123901,13.80792784690857,198.18148326873782,5.0,1560222614
19,tpch,4GB,122.0,839MB,8.0,12.0,7.0,172MB,691MB,26.851222276687626,12.565348386764526,1.1448650360107422,4.459603309631348,8.56571102142334,4.006115674972533,6.739056587219237,3.2040789127349854,7.2133469581604,6.9563539028167725,0.3863921165466309,10.777948379516602,1.7830917835235596,4.688760995864868,63.58096957206726,7.487116813659668,3.4552686214447017,6.362502336502075,3.6622028350830083,8.685438871383669,192.57539439201355,5.0,1560222845
20,tpch,2GB,104.0,7271MB,1.0,14.0,3.0,367MB,3788MB,29.2490074634552,5.713449716567992,1.2617321014404297,4.928839683532715,9.181973934173584,4.075820446014403,10.387725353240967,3.1341326236724854,7.852946758270264,7.585856676101685,0.331740140914917,3.613718271255493,3.0472841262817383,5.02790117263794,60.2077488899231,6.209658622741699,3.715024471282959,5.402926445007324,6.540019273757935,9.820527076721193,187.28803324699402,5.0,1560223069
21,tpch,4GB,86.0,4452MB,1.0,3.0,5.0,844MB,257MB,29.52225399017334,13.288734912872314,1.444159984588623,4.665375709533691,9.070331335067747,4.434504985809326,9.547136545181273,3.6755139827728267,7.494779348373412,7.54060959815979,0.4264023303985596,12.74869704246521,3.4000883102416988,5.049343347549439,63.77988457679749,8.396169662475586,3.793493270874024,6.993054628372192,3.97572660446167,9.972048044204714,209.2183082103729,5.0,1560223317
22,tpch,4GB,242.0,3345MB,3.0,2.0,6.0,344MB,3233MB,26.906923294067386,12.389832496643065,1.4412195682525637,4.3277196884155265,9.215698957443236,3.9691557884216313,7.0986900329589835,3.3339996337890625,7.913409233093263,6.710022687911987,0.4375290870666504,11.177907943725586,1.971764326095581,4.606541872024536,60.3098521232605,7.602326393127441,3.3063461780548096,6.359523057937622,3.4762840270996094,8.527087211608888,191.08183360099792,5.0,1560223551
23,tpch,8GB,57.0,175MB,5.0,8.0,6.0,117MB,1420MB,26.607041358947754,12.52507495880127,1.1520254611968994,4.435129880905151,8.583184719085692,4.027475833892821,6.523115396499634,3.112865209579468,7.311196327209473,6.734160661697388,0.33689522743225103,10.94719648361206,1.7698426246643066,4.705891370773315,64.21023273468018,7.583739042282104,3.368613243103028,6.129767656326294,3.6020731925964355,13.698243141174315,197.36376452445984,5.0,1560223787
24,tpch,5GB,27.0,7332MB,4.0,11.0,16.0,561MB,1465MB,26.65496349334717,12.207602977752686,1.4211719036102295,4.459082126617432,8.586358547210692,4.017542362213135,6.836776256561278,3.624016284942627,7.754565715789795,6.980815649032593,0.4015953540802002,11.003165483474731,1.756829023361206,4.673852920532227,60.295485496520996,7.564909934997559,3.4471035003662114,6.362545490264893,3.62881064414978,8.532494306564331,190.20968747138974,5.0,1560224020
25,tpch,1GB,47.0,5084MB,7.0,2.0,1.0,151MB,3591MB,26.607028007507324,5.238954305648804,1.1469056606292725,4.499224662780762,8.512412071228027,3.521549940109253,6.822079181671143,3.1909632682800293,7.027158975601196,6.8731327056884775,0.3370716571807861,3.3270554542541504,1.679401397705078,4.4840731620788565,63.42339086532593,5.4738640785217285,3.365829944610596,6.280057907104492,5.57506251335144,8.249530792236326,175.63474655151367,5.0,1560224234
26,tpch,7GB,177.0,3392MB,8.0,12.0,8.0,833MB,3422MB,26.459718227386475,12.112809658050535,1.1612074375152588,4.308516979217528,8.497992992401121,3.931240081787109,6.746976137161255,3.3444154262542725,7.669690132141112,6.8305439949035645,0.3343369960784912,11.128568649291992,1.758927583694458,4.629150867462158,63.38955068588257,7.1672680377960205,3.3030214309692383,6.19638204574585,3.4886648654937744,13.748412370681764,196.20739459991452,5.0,1560224473
27,tpch,2GB,183.0,7142MB,6.0,11.0,2.0,296MB,3951MB,26.249331951141357,5.256479740142822,1.1742074489593506,4.2492077350616455,9.017957448959349,3.4612414836883545,6.817076683044434,3.1368601322174072,7.440751314163207,6.566007137298584,0.33302855491638184,3.2114167213439937,1.6149394512176514,4.3869404792785645,63.42744207382202,5.307185173034668,3.34721040725708,4.653345823287964,5.7414023876190186,8.770771980285645,174.1628041267395,5.0,1560224685
28,tpch,1GB,196.0,7069MB,7.0,10.0,3.0,296MB,3427MB,26.654520273208615,5.27629828453064,1.2262890338897705,4.3371262550353995,8.526035308837889,3.505321502685547,6.8209991455078125,3.1413612365722656,7.099860906600952,6.942556142807008,0.3415653705596924,3.1468515396118164,1.7101430892944336,4.458754539489746,59.94729733467102,5.5338664054870605,3.228256225585937,4.6633031368255615,5.722907781600952,8.24659252166748,170.52990603446958,5.0,1560224893
29,tpch,3GB,135.0,136MB,6.0,15.0,1.0,216MB,1774MB,26.66228485107422,5.252235174179077,1.1569437980651855,4.321370840072632,8.483526945114138,3.4975850582122803,6.641479730606079,3.052415132522583,7.631637096405028,6.620280981063843,0.4689362049102783,3.130174160003662,1.717785358428955,4.440380334854126,60.49545979499817,5.334015607833862,3.340638875961304,4.726003646850586,5.551120042800903,8.629035711288452,171.1533093452454,5.0,1560225103
30,tpch,1GB,196.0,6012MB,6.0,12.0,1.0,255MB,4000MB,26.470836400985718,5.3161871433258066,1.2191729545593262,4.548216104507446,8.519931316375732,3.5473577976226807,6.803246021270753,3.0433466434478764,7.685496807098389,6.727073907852173,0.3403928279876709,3.2616968154907227,1.6324591636657717,4.622686386108398,64.37177801132202,5.3820528984069815,3.3814480304718018,4.960019588470459,5.648183584213258,8.928646564483643,176.41022896766663,5.0,1560225316
31,tpch,4GB,90.0,4161MB,4.0,9.0,16.0,456MB,2387MB,26.721805095672607,12.157634019851685,1.31791353225708,4.475745439529419,9.124806880950928,3.9691221714019775,6.4909141063690186,3.330118417739868,7.209289789199829,6.5756261348724365,0.4602956771850586,10.795435667037964,1.7223875522613523,4.565047025680542,63.34208297729492,7.12420654296875,3.4416096210479736,6.086362361907959,3.614548921585083,8.473560810089111,190.9985127449036,5.0,1560225546
32,tpch,5GB,155.0,1156MB,1.0,2.0,6.0,715MB,1112MB,28.91218137741089,12.917266607284546,1.9000015258789065,4.571519136428833,9.26077651977539,4.266207933425903,11.592694759368895,4.457290649414063,9.640007734298708,7.49876070022583,0.4428195953369141,12.595276594161987,3.3830549716949463,5.4154086112976065,63.7901668548584,8.594676733016968,4.174217462539674,7.025341749191284,4.10250186920166,9.813147306442259,214.3533186912537,5.0,1560225803
33,tpch,2GB,28.0,5084MB,8.0,2.0,1.0,173MB,3628MB,26.42376446723938,5.42716121673584,1.1862175464630127,4.394291400909424,8.452937126159668,3.534497737884521,6.93881106376648,3.2628884315490723,7.0498290061950675,6.8789591789245605,0.38421106338500977,3.259779453277588,1.6370532512664795,4.578494071960449,59.83018398284912,5.548053741455078,3.18726658821106,6.190577507019043,5.751262426376343,8.304840326309204,172.2210795879364,5.0,1560226014
34,tpch,2GB,83.0,153MB,8.0,4.0,1.0,203MB,1455MB,26.566763639450073,5.117569923400879,1.1860032081604004,4.2822585105896005,8.359949588775635,3.670862913131714,7.036520004272461,3.1082160472869877,7.495146989822388,6.570629596710205,0.34676551818847656,3.0941176414489746,1.6324162483215332,4.40952730178833,59.94499111175537,5.546487808227539,3.1739211082458496,4.673049211502075,5.733886957168579,8.887369394302366,170.83645272254944,5.0,1560226227
35,tpch,2GB,16.0,637MB,8.0,4.0,2.0,73MB,2079MB,27.05513596534729,5.331076145172119,1.2101342678070068,4.47515344619751,9.194135904312132,3.6230311393737793,6.810474872589111,3.318499565124512,6.980103254318237,6.718661785125732,0.3392322063446045,3.130457639694214,1.767869234085083,4.816521883010863,60.790091037750244,5.5733561515808105,3.208293199539185,6.309822082519531,5.617436647415161,8.381495714187622,174.65098214149475,5.0,1560226440
36,tpch,2GB,15.0,3172MB,3.0,1.0,6.0,935MB,3553MB,27.46920895576477,12.114044189453125,1.3985414505004885,4.4327964782714835,8.564147710800171,4.079341173171997,6.938106298446655,3.620285987854004,7.194604158401488,6.587536573410034,0.4733350276947022,11.282231330871582,1.9813172817230225,4.643188238143921,64.24722099304199,7.6529436111450195,3.469088315963745,6.317693948745728,3.6744108200073238,8.681087970733643,194.8211305141449,5.0,1560226678
37,tpch,2GB,89.0,1576MB,8.0,12.0,2.0,903MB,2129MB,26.24592399597168,5.138320446014403,1.1327433586120603,4.383537530899049,9.097908258438109,3.4379312992095947,6.546012878417969,3.2909140586853027,7.001044988632202,6.944699048995973,0.3845226764678955,3.2744908332824707,1.6296646595001218,4.411153316497803,63.478202104568474,5.396688938140869,3.1734082698822017,4.643723726272583,5.578126192092896,8.586433887481691,173.77545046806338,5.0,1560226891
38,tpch,3GB,196.0,7196MB,7.0,10.0,1.0,275MB,3594MB,26.9755277633667,5.3238792419433585,1.16583514213562,4.196016073226929,8.426992416381836,3.447281837463379,6.774522542953491,3.2616240978240967,6.982804298400879,6.764049053192139,0.33873820304870605,3.2627885341644287,1.7037093639373782,4.589533567428589,60.279136180877686,5.243989229202271,3.1661696434021,4.75949501991272,5.53258752822876,8.532188653945923,170.72686839103702,5.0,1560227104
39,tpch,5GB,97.0,6604MB,3.0,9.0,1.0,408MB,2079MB,26.82218623161316,5.216109752655028,1.151071310043335,4.1674532890319815,9.046751737594603,3.51908540725708,7.243916273117065,3.281203508377075,6.943185567855835,6.591250419616699,0.3320407867431641,3.1212279796600337,1.87363600730896,4.53806471824646,60.09441328048706,5.5436134338378915,3.230398416519165,6.188174486160277,3.4545135498046875,8.640740633010862,170.99903678894043,5.0,1560227314
40,tpch,6GB,220.0,3766MB,1.0,7.0,10.0,867MB,3097MB,28.777878522872925,12.979499340057373,1.753164291381836,4.5939249992370605,9.02696418762207,4.235686302185059,10.31016206741333,3.7863383293151855,7.9050235748291025,7.494483947753906,0.36382627487182617,12.69725775718689,3.1049749851226807,5.37094259262085,60.37881517410278,8.587191343307495,3.747492551803589,6.8541619777679434,3.970762491226196,15.836218357086182,211.77476906776428,5.0,1560227569
41,tpch,7GB,224.0,3145MB,7.0,4.0,13.0,823MB,230MB,26.512227296829227,12.573354244232178,1.322847604751587,4.397711992263794,8.585024833679201,3.8996198177337646,6.838756084442139,3.4397313594818115,7.76514196395874,6.827445983886719,0.4479355812072754,11.063786029815674,1.7652015686035156,5.013474941253662,60.97107315063477,7.782271862030028,3.4197685718536377,6.290719747543335,3.66662859916687,13.673002004623413,196.2557232379913,5.0,1560227803
42,tpch,8GB,142.0,115MB,6.0,14.0,13.0,561MB,460MB,26.351931810379032,12.411943197250366,1.0816729068756104,4.409886598587036,8.460727453231813,3.779162168502808,6.6712796688079825,3.1408612728118896,7.581905126571655,6.738187313079834,0.3560113906860352,11.01046633720398,1.699256420135498,4.42681622505188,63.43621444702149,12.681291341781616,3.3860290050506587,5.974992752075195,3.5471308231353764,13.72511386871338,200.87088012695312,5.0,1560228047
43,tpch,2GB,216.0,7409MB,8.0,10.0,2.0,290MB,3472MB,26.47337794303894,5.357667446136475,1.1565210819244385,4.202118635177611,8.410888910293579,3.3822438716888428,6.879307508468628,3.354524850845337,7.419810771942139,6.864315509796143,0.3518962860107422,3.1962807178497314,1.6920638084411619,4.61061954498291,59.6352686882019,5.26894474029541,3.2526395320892334,4.644338130950928,5.670161724090576,8.459667921066284,170.28265762329104,5.0,1560228256
44,tpch,4GB,241.0,2824MB,7.0,3.0,8.0,221MB,1070MB,26.982520818710327,12.444556951522827,1.3987329006195068,4.183820962905884,8.526149749755861,3.8682978153228764,6.940359354019165,3.519652366638184,7.581725835800171,6.714890480041504,0.4296681880950928,11.052735567092896,1.7030801773071291,4.360630750656128,60.42925333976746,7.2079317569732675,3.3893911838531494,6.251545667648315,3.5562031269073486,8.56702184677124,189.10816884040835,5.0,1560228488
45,tpch,2GB,88.0,5905MB,7.0,4.0,1.0,313MB,417MB,27.10978150367737,5.185141563415527,1.185753583908081,4.421406030654907,9.007411003112793,3.503924369812012,6.931753396987915,2.996877908706665,7.6048738956451425,6.542284965515138,0.35571861267089844,3.186185359954834,1.6983227729797363,4.324716806411743,59.69551467895508,5.2772772312164316,3.3162972927093506,4.836013078689575,5.6671319007873535,8.766379356384277,171.6127653121948,5.0,1560228698
46,tpch,1GB,13.0,5255MB,4.0,11.0,10.0,506MB,1475MB,26.13317680358887,12.08961296081543,1.0649912357330322,4.425992250442505,9.043245315551758,3.44385313987732,6.541261672973633,3.054040670394897,7.015510559082031,6.60068941116333,0.3301234245300293,3.2977511882781982,1.6826367378234863,4.3547093868255615,62.92985916137695,5.26129937171936,3.316818952560425,6.40254020690918,3.435943126678467,8.322745084762571,178.74680066108704,5.0,1560228919
47,tpch,3GB,219.0,7199MB,7.0,12.0,2.0,297MB,3339MB,26.815897703170773,5.047016143798828,1.1656808853149414,4.2166829109191895,8.427726745605469,3.4943103790283203,6.639540910720825,3.219884157180786,7.4355309009552,6.853902339935303,0.33156180381774897,3.212612628936768,1.6898069381713867,4.595582008361816,60.16507029533386,5.413357496261597,3.1382253170013428,4.696020841598512,5.688395023345947,8.576802968978884,170.8236083984375,5.0,1560229129
48,tpch,3GB,47.0,5274MB,8.0,3.0,1.0,338MB,3386MB,26.80814814567566,5.37853479385376,1.1708824634552002,4.248368501663208,8.429593801498411,3.4847750663757324,6.581139087677003,3.082601308822632,6.978878974914551,6.5477867126464835,0.3527801036834717,3.081834077835083,1.6743383407592771,4.454252243041992,59.986037015914924,5.2858331203460684,3.3230707645416264,6.2624149322509775,5.696706295013428,8.081588268280031,170.90956401824948,5.0,1560229343
49,tpch,3GB,80.0,7965MB,6.0,9.0,9.0,960MB,3069MB,26.93333148956299,12.097075700759888,1.0966639518737793,4.270721435546875,9.05622911453247,3.525947093963623,6.655545234680176,3.010649919509888,7.044560194015503,6.584003448486327,0.3385806083679199,3.1516764163970947,1.6772119998931885,4.285834312438965,59.96819758415222,7.529280185699463,3.1666438579559326,6.287832975387572,3.404747486114502,8.684306621551514,178.7690396308899,5.0,1560229560
50,tpch,3GB,161.0,503MB,7.0,15.0,2.0,243MB,1751MB,26.28784346580505,5.05009913444519,1.1751859188079834,4.417943239212036,9.076745748519896,3.4648237228393555,6.7841854095458975,4.338858366012573,7.390524864196777,6.797308206558228,0.3304264545440674,3.228187084197998,1.6982131004333496,4.468289375305176,63.00283241271973,5.2553443908691415,3.3230934143066406,4.891243934631348,5.734023094177246,8.530838489532469,175.24600982666016,5.0,1560229778
51,tpch,2GB,216.0,7409MB,8.0,10.0,2.0,290MB,3472MB,26.4459240436554,5.034004211425781,1.119755506515503,4.20463490486145,9.004758358001709,3.492467403411865,6.6812584400177,3.0299713611602783,7.438400983810425,6.714752197265625,0.3445913791656494,3.234949350357056,1.6907486915588381,4.3460161685943595,63.02736496925354,5.298231601715088,3.2698056697845463,4.859523057937622,5.6725029945373535,8.505845069885254,173.41550636291504,5.0,1560229990
0,tpch,4GB,1.0,64MB,8.0,4.0,1.0,8MB,4MB,151.48821330070498,64.97425580024718,10.239610433578493,60.32350778579712,40.62194275856018,36.685921669006355,80.39543318748473,30.861854791641235,116.3113100528717,40.239449501037605,20.34820890426636,37.26229906082153,10.871086835861206,67.80039024353027,74.19787955284119,63.83741760253906,35.4630925655365,59.01940965652466,47.000977516174316,195.0613944530487,1243.0036556720736,30.0,1560176280
1,tpch,4GB,1.0,64MB,8.0,4.0,1.0,8MB,4MB,148.2249577045441,59.631605863571174,9.908780813217165,60.155646800994866,40.314295053482056,34.29794692993164,74.51834750175477,28.208722591400146,120.54031896591188,40.305346965789795,19.895315170288086,36.954258680343635,10.727459192276,65.08029961586,71.73089027404784,65.2325177192688,34.92842388153076,56.95094585418701,45.88080024719238,154.0870270729065,1177.5739068984985,30.0,1560177668
2,tpch,8GB,194.0,2200MB,5.0,4.0,2.0,785MB,3191MB,148.40562677383426,44.82532978057861,8.016119003295897,48.22080254554749,51.27995157241821,32.30004048347473,73.49104523658751,22.843347787857056,72.51026225090027,40.904985666275024,13.328285217285154,36.217572927474976,9.661357402801514,42.65422153472901,24.79693865776062,43.74328255653381,35.108791589736946,43.98192572593689,44.86213183403015,62.69979929924011,899.8518178462982,30.0,1560178784
3,tpch,3GB,157.0,7178MB,8.0,2.0,10.0,656MB,1030MB,148.1490314006805,45.4824857711792,9.042830228805544,48.03136157989502,54.1699903011322,32.57745909690857,71.85620903968811,23.19709801673889,72.01384592056273,41.31026935577393,15.41043210029602,36.690821647644036,10.168022871017458,42.595328569412224,442.9507267475128,45.72271847724914,35.21444034576415,46.24951195716858,52.95472979545593,62.66231346130371,1336.4496266841886,30.0,1560180275
4,tpch,8GB,77.0,18MB,4.0,10.0,15.0,191MB,3354MB,148.56068897247312,46.466111183166504,12.746796131134033,41.52091574668884,54.56518077850342,32.502636909484856,72.0262050628662,36.730963230133064,71.8362193107605,41.22986364364624,26.042893171310425,35.86866760253906,10.032517433166504,42.59699463844299,443.2124497890472,44.90688157081604,35.43784856796265,44.928207635879524,47.85594153404236,67.86866712570189,1356.9366500377655,30.0,1560181787
5,tpch,8GB,241.0,7833MB,8.0,12.0,12.0,492MB,3690MB,149.92796969413754,45.00707483291626,8.42012095451355,41.16079139709473,54.18198752403259,32.417218446731574,74.64393758773805,23.15521049499512,71.64882874488829,41.08210229873657,13.848426103591919,36.15269541740417,9.946210622787477,42.74536180496216,24.558552265167236,43.65270304679871,35.338437080383294,44.43076419830322,47.94029092788696,66.94036674499512,907.1990501880646,30.0,1560182849
6,tpch,7GB,161.0,600MB,6.0,14.0,11.0,286MB,3877MB,149.85241985321042,45.79226732254028,7.688784837722777,41.404873609542854,51.165914058685296,32.78454804420471,73.86632466316223,21.563300609588623,71.92361688613893,41.129311800003045,13.575582504272461,36.378817081451416,10.13458776473999,41.974352836608894,24.18078136444092,43.73439383506775,35.192527294158936,43.51938223838806,44.772929191589355,66.92153620719911,897.5562520027161,30.0,1560183903
7,tpch,2GB,203.0,5687MB,4.0,8.0,2.0,460MB,3950MB,150.09976315498355,45.62407207489014,7.9829156398773184,49.19330215454102,51.25031661987305,33.997090339660645,74.49454021453856,23.017051458358765,71.85138630867004,41.20994138717651,13.526165008544922,36.2643256187439,9.724367618560793,43.28103709220886,25.06995797157288,43.35119605064392,35.238837718963616,43.37178087234497,45.019421815872185,62.639370441436775,906.2068395614624,30.0,1560184970
8,tpch,8GB,204.0,6261MB,1.0,2.0,6.0,531MB,3504MB,162.9243674278259,47.86514091491699,17.017242193222046,44.643818616867065,54.04454493522644,33.33417916297913,80.66407799720764,38.28656530380249,72.03703212738037,43.638938426971436,26.66476964950561,37.140782356262214,18.85499668121338,45.07266783714294,438.0766987800598,47.88078498840332,36.131703615188606,49.84735679626465,62.71752595901489,69.48610115051271,1426.3292949199677,30.0,1560186559
9,tpch,3GB,59.0,2299MB,7.0,10.0,14.0,466MB,2825MB,147.65246295928958,44.99781012535095,8.283174991607666,42.128700256347656,54.32333278656006,32.48200917243957,73.18719911575317,25.125264167785645,72.01125502586366,41.16302537918091,13.7314932346344,36.26516771316528,10.065078020095823,42.48135185241699,441.7006158828736,43.91449999809265,35.03853702545166,43.75255751609802,47.86641716957092,66.86962628364563,1323.0395786762238,30.0,1560188043
10,tpch,4GB,241.0,4810MB,1.0,11.0,5.0,995MB,3266MB,163.82110452651978,46.363980054855354,8.541278600692749,51.737223863601685,51.478862047195435,34.308407545089715,79.88515448570251,20.49796462059021,71.58560490608215,42.4125862121582,13.964805603027346,37.457107305526726,18.106654167175293,45.78542971611023,25.711877822875977,45.68599343299866,36.088050127029426,46.18378710746765,46.11633491516113,69.8884813785553,955.6206884384156,30.0,1560189159
11,tpch,1GB,232.0,1742MB,3.0,12.0,2.0,528MB,929MB,148.98287630081174,45.201138734817505,9.806906700134276,51.60506057739258,51.84434747695923,32.81184554100037,73.12791681289674,21.757059335708615,71.28219342231749,41.466744661331184,20.099867343902584,35.93018651008607,11.389849185943605,42.159466981887824,57.46552109718323,44.26708722114563,35.2613160610199,44.51014709472656,44.83686447143555,61.98038458824158,945.7867801189424,30.0,1560190259
12,tpch,4GB,195.0,5422MB,1.0,2.0,2.0,118MB,1570MB,164.4868450164795,46.83496952056885,9.16145658493042,43.15525627136231,53.90901923179626,34.86756944656372,81.75207853317261,22.178457498550415,72.19073843955994,42.881255865097046,13.844496011734009,37.715393781661994,18.045732975006107,45.094072103500366,26.280246257781982,46.16455888748169,36.289795637130744,46.61491799354553,52.82038497924805,70.52345943450928,964.8107044696808,30.0,1560191388
13,tpch,2GB,180.0,2367MB,1.0,12.0,10.0,594MB,60MB,163.05687975883484,47.94731378555298,11.949029922485352,46.07243919372559,36.761849641799934,33.4971604347229,79.7332103252411,26.178080081939697,72.67617845535278,43.278945684432976,14.031165838241575,37.57424664497376,18.955175638198853,62.842445373535156,95.27986216545105,42.82765030860901,36.385014295577996,48.3480339050293,47.22201776504517,73.48088550567627,1038.0975847244265,30.0,1560192581
14,tpch,8GB,96.0,5072MB,2.0,12.0,1.0,346MB,2823MB,148.88123631477356,45.14213252067566,8.04327392578125,50.182823181152344,50.05999779701233,32.59936618804932,81.22231507301329,22.81939148902893,72.05663967132568,41.82832407951354,13.29934549331665,36.147873163223274,18.628764867782593,43.24702548980713,25.40636420249939,43.72668099403381,35.393850564956665,44.18531942367554,45.21475696563721,62.559298515319824,920.644779920578,30.0,1560193666
15,tpch,4GB,11.0,7487MB,3.0,9.0,6.0,238MB,2606MB,148.7711458206177,45.86639022827149,8.193091869354246,59.515884160995476,51.469591856002815,32.62349843978882,75.99878287315369,23.00262808799744,72.42977452278137,41.0831356048584,14.028557300567627,36.44450044631958,11.318384170532227,42.45688891410828,24.59885764122009,43.74566125869751,35.34582781791686,56.206373691558845,45.11928915977478,62.12954235076904,930.3478062152864,30.0,1560194757
16,tpch,8GB,45.0,7855MB,3.0,13.0,1.0,309MB,2791MB,166.80187892913818,52.12152695655823,9.028926134109495,55.37642097473145,51.930955410003655,33.57410764694214,81.25209975242616,25.30497574806213,81.58424568176271,44.33706617355347,13.642954587936401,41.37672829627991,11.691456079483032,45.66738224029541,27.30952215194702,46.793967485427856,40.1196346282959,45.93253231048584,50.54586839675903,70.52025508880615,994.9125046730043,30.0,1560195917
17,tpch,4GB,37.0,6234MB,5.0,5.0,5.0,210MB,3915MB,151.74852013587955,49.80829787254334,9.090049028396605,40.554791688919074,50.79755759239197,41.969143629074104,83.8837113380432,23.961446285247803,74.27323603630066,40.127000331878655,14.719681739807127,41.32379174232483,10.03053092956543,45.265650987625115,26.57081365585327,43.34998035430908,36.34278392791747,42.975284576416016,45.15047693252564,69.4499089717865,941.3926577568054,30.0,1560197025
18,tpch,6GB,159.0,830MB,5.0,3.0,11.0,905MB,636MB,148.62470650672913,47.26112055778504,13.771589040756226,41.18779873847962,56.05302333831787,32.54435563087464,76.57010698318481,36.65040040016174,74.78141021728516,41.6935715675354,28.702476739883426,35.70171523094177,13.072338104248047,42.01907896995544,442.0507640838623,45.78008675575256,35.05629014968872,45.07140302658081,52.73419165611267,67.11582374572754,1376.442251443863,30.0,1560198567
19,tpch,4GB,122.0,839MB,8.0,12.0,7.0,172MB,691MB,145.65277791023252,48.34269142150879,9.82083797454834,60.63636040687561,51.81852221488953,32.64426040649414,71.18088746070863,21.031804561614987,71.35113883018494,40.85342359542847,15.51223349571228,36.006778001785285,13.136393308639526,42.487267732620246,199.70064449310303,47.84205651283264,34.9486722946167,47.12317967414856,44.56707239151001,65.89658570289612,1100.5535883903503,30.0,1560199822
20,tpch,6GB,15.0,6997MB,1.0,4.0,3.0,372MB,3928MB,162.59240770339966,49.48104310035706,9.036780118942259,43.996106386184685,51.76203942298889,33.49608874320984,85.4683084487915,22.35994267463684,73.62252998352052,45.574378490448,13.345815181732178,38.69279956817628,18.35611033439636,47.87376928329468,27.677475452423096,48.649598360061646,36.229557752609246,47.94962167739868,46.63223838806152,70.25337982177734,973.0499908924104,30.0,1560200984
21,tpch,4GB,86.0,4452MB,1.0,3.0,5.0,844MB,257MB,164.64707040786743,46.90086889266968,9.666199684143066,42.71264863014221,41.320734977722175,34.468317985534675,85.36316061019896,23.63541984558105,72.21006464958191,43.5758056640625,14.770819664001465,38.13728165626526,21.39539909362793,45.91330313682556,439.8418633937836,47.47673463821411,36.129336357116706,47.49169325828552,52.74103093147278,107.0071301460266,1415.4048836231232,30.0,1560202560
22,tpch,4GB,242.0,3345MB,3.0,2.0,6.0,344MB,3233MB,146.48790979385373,47.143166065216064,9.118163108825684,43.092130422592156,53.57765817642212,32.57527184486389,78.66927242279053,22.849522352218628,74.53981494903564,41.594295263290405,13.53021764755249,35.81708097457886,11.338781833648682,42.474697589874275,439.52132630348206,47.12518858909607,34.850849390029914,46.79907250404358,52.610161781311035,62.26005983352661,1335.9746408462524,30.0,1560204068
23,tpch,8GB,57.0,175MB,5.0,8.0,6.0,117MB,1420MB,145.71003580093384,46.50599336624146,8.011264562606813,41.358121633529656,51.69415545463562,32.038435697555535,76.24915146827699,22.6101667881012,71.6913833618164,42.02310299873353,13.397335767745972,36.11233139038086,9.689073085784912,42.63815355300903,26.673728466033936,44.447250604629524,34.25930833816528,44.37820839881897,43.96262717247009,60.967095613479614,894.4169235229492,30.0,1560205129
24,tpch,5GB,27.0,7332MB,4.0,11.0,16.0,561MB,1465MB,147.30149626731873,48.467777729034424,12.834095239639282,43.200989484786994,53.7084584236145,32.20301628112793,83.47944498062135,24.81841945648193,71.94333600997925,42.527468919754035,13.025751829147339,36.417311668396,9.779007673263552,43.135906457901,444.6120319366455,45.64949345588684,35.36958312988281,45.48183274269104,48.086112260818474,66.74854636192322,1348.7900803089142,30.0,1560206642
25,tpch,3GB,182.0,5645MB,4.0,5.0,2.0,509MB,3800MB,149.8144989013672,47.20461010932922,8.378705263137817,51.173828840255744,51.45846176147461,33.00895166397095,78.10759472846983,24.99658203125,72.35987377166748,41.78511190414429,13.550209999084473,36.56817269325256,10.052939176559446,44.28402042388916,25.4383704662323,44.39826989173889,34.938784837722785,44.9238383769989,47.0718138217926,62.53985595703125,922.0544946193696,30.0,1560207727
26,tpch,8GB,57.0,175MB,5.0,8.0,6.0,117MB,1420MB,148.03566694259644,49.362223625183105,8.367588758468628,42.9513897895813,50.8333842754364,33.420567989349365,78.12166357040404,24.56849026679993,71.844801902771,41.20607423782349,13.621638774871824,36.15545105934143,10.446244478225706,42.52232718467712,27.30182123184204,44.20737338066101,34.880274057388306,46.555168628692634,44.70265650749207,62.41775870323181,911.5225653648376,30.0,1560208811
